S4R96A,XD685 DLC Server
S6G97A,XD690 AC Server
P73359-B21,EPYC 9535
P73356-B21,EPYC 9645
P73361-B21,EPYC 9455
P73358-B21,EPYC 9655
P73355-B21,EPYC 9555
P73377-B21,EPYC 9575F
S6V54A, Xeon 6767P
S6V55A, Xeon 6776P
S6V47A, 64 GB
S6V48A, 96 GB
S6V49A, 128 GB
P64986-H21,64 GB
P64987-H21,96 GB
P64988-H21,128 GB
S5F74A,256 GB
S4X30A,3.84 TB NVMe
S4X32A,7.68 TB NVMe
S4X33A,15.36 TB NVMe
S6V51A, 1.92 TB NVMe
S6V52A, 3.84 TB NVMe
S6X01A, 7.68 TB NVMe
P26253-B21,BCM 57416 400 Gb
P25960-B21,CX6 100 Gb 2 port
P65333-H21,CX7 200 Gb
P45641-H23,CX7 400 Gb
P66386-H21,B3220 DPU
P66387-H21,B3140H DPU
S6F44A, B3240 DPU
P47777-B21,MR416i-p
S4W08A,NVIDIA HGX B300
S3W20A,NVIDIA HGX B200
S6J64A,AMD MI355X